season,TEAM_ID,TEAM_ABBREVIATION,TEAM_NAME,games_played_post_asg,games_played_pre_asg,win_pct_post_asg,win_pct_pre_asg,wins_post_asg,wins_pre_asg,projected_wins_before_asg,actual_wins,projection_difference,post_asg_win_pct_drop,season_length,avg_starter_minutes_per_game_post_asg,avg_starter_minutes_per_game_pre_asg,avg_starter_minutes_per_player_post_asg,avg_starter_minutes_per_player_pre_asg,total_starter_minutes_post_asg,total_starter_minutes_pre_asg,starter_minutes_change_per_game,avg_players_used_post_asg,avg_players_used_pre_asg,avg_unique_lineups_post_asg,avg_unique_lineups_pre_asg,max_lineups_in_game_post_asg,max_lineups_in_game_pre_asg,players_used_change,lineups_used_change,win_projection_drop,starter_minutes_drop,players_used_increase,lineup_experimentation_increase,raw_tanking_score,lottery_candidate,tanking_score,score_note
2021-22,1610612757,POR,Portland Trail Blazers,23,59,0.086956522,0.423728814,2,25,34.745762748000004,27,-7.745762748000004,-0.33677229200000003,82,151.376087,163.4090395,30.27521739,32.68180791,3481.65,9641.133333,-12.03295259,10.04347826,11.03571429,14.43478261,13.78571429,19,19,-0.992236025,0.649068323,7.745762748000004,12.03295259,-0.992236025,0.649068323,19.435547636000006,True,19.435547636000006,Included in tanking score
2020-21,1610612760,OKC,Oklahoma City Thunder,36,36,0.194444444,0.416666667,7,15,30.000000024,22,-8.000000023999998,-0.222222223,72,148.6310185,154.9458333,29.7262037,30.98916667,5350.716667,5578.05,-6.314814815,10.2,10.0,14.53333333,12.65217391,21,18,0.2,1.88115942,8.000000023999998,6.314814815,0.2,1.88115942,16.395974259,True,16.395974259,Included in tanking score
2022-23,1610612757,POR,Portland Trail Blazers,24,58,0.208333333,0.482758621,5,28,39.586206922,33,-6.586206922000002,-0.274425288,82,159.4222222,169.1902299,31.88444444,33.83804598,3826.133333,9813.033333,-9.768007663,10.04166667,10.12068966,12.625,12.77586207,16,19,-0.079022989,-0.150862069,6.586206922000002,9.768007663,-0.079022989,-0.150862069,16.124329527000004,True,16.124329527000004,Included in tanking score
2020-21,1610612739,CLE,Cleveland Cavaliers,36,36,0.222222222,0.388888889,8,14,28.000000008,22,-6.000000008000001,-0.16666666700000002,72,161.4875,166.8476852,32.2975,33.36953704,5813.55,6006.516667,-5.360185185,10.16666667,10.18518519,14.8,15.03703704,23,24,-0.018518519,-0.237037037,6.000000008000001,5.360185185,-0.018518519,-0.237037037,11.104629636999999,True,11.104629636999999,Included in tanking score
2020-21,1610612741,CHI,Chicago Bulls,38,34,0.394736842,0.470588235,15,16,33.88235292,31,-2.8823529200000024,-0.07585139300000004,72,151.6622807,159.75,30.33245614,31.95,5763.166667,5431.5,-8.087719298,11.29032258,10.16666667,15.48387097,17.33333333,21,24,1.123655914,-1.849462366,2.8823529200000024,8.087719298,1.123655914,-1.849462366,10.244265766000002,True,10.244265766000002,Included in tanking score
2020-21,1610612754,IND,Indiana Pacers,37,35,0.486486486,0.457142857,18,16,32.914285704,34,1.085714295999999,0.029343628999999982,72,159.0265766,169.4085714,31.80531532,33.88171429,5883.983333,5929.3,-10.38199485,10.60606061,10.04166667,12.90909091,12.70833333,18,16,0.564393939,0.200757576,-1.085714295999999,10.38199485,0.564393939,0.200757576,10.061432069000002,True,10.061432069000002,Included in tanking score
2024-25,1610612740,NOP,New Orleans Pelicans,27,55,0.296296296,0.236363636,8,13,19.381818151999997,21,1.6181818480000025,0.059932660000000026,82,149.4561728,161.5636364,29.89123457,32.31272727,4035.316667,8886.0,-12.10746352,9.962962963,10.14545455,15.33333333,15.70909091,25,23,-0.182491582,-0.375757576,-1.6181818480000025,12.10746352,-0.182491582,-0.375757576,9.931032513999996,True,9.931032513999996,Included in tanking score
2024-25,1610612755,PHI,Philadelphia 76ers,28,54,0.142857143,0.37037037,4,20,30.37037034,24,-6.370370340000001,-0.227513227,82,163.3802469,167.6765432,32.67604938,33.53530864,4411.266667,9054.533333,-4.296296296,9.642857143,10.43396226,15.10714286,15.45283019,20,21,-0.791105121,-0.345687332,6.370370340000001,4.296296296,-0.791105121,-0.345687332,9.529874183000002,True,9.529874183000002,Included in tanking score
2024-25,1610612751,BKN,Brooklyn Nets,28,54,0.214285714,0.37037037,6,20,30.37037034,26,-4.370370340000001,-0.15608465600000002,82,145.972619,153.1777778,29.19452381,30.63555556,4087.233333,8271.6,-7.20515873,10.21428571,10.22222222,13.39285714,15.85185185,19,23,-0.007936508,-2.458994709,4.370370340000001,7.20515873,-0.007936508,-2.458994709,9.108597853000001,True,9.108597853000001,Included in tanking score
2024-25,1610612756,PHX,Phoenix Suns,28,54,0.357142857,0.481481481,10,26,39.481481441999996,36,-3.481481441999996,-0.12433862400000001,82,156.945679,162.075,31.3891358,32.415,4237.533333,8752.05,-5.129320988,11.32142857,10.55555556,16.28571429,17.11111111,23,26,0.765873016,-0.825396825,3.481481441999996,5.129320988,0.765873016,-0.825396825,8.551278620999996,True,8.551278620999996,Included in tanking score
2024-25,1610612766,CHA,Charlotte Hornets,30,52,0.2,0.25,6,13,20.5,19,-1.5,-0.04999999999999999,82,149.8044444,157.0737179,29.96088889,31.41474359,4494.133333,8167.833333,-7.269273504,10.53333333,10.61538462,17.4,17.69230769,24,25,-0.082051282,-0.292307692,1.5,7.269273504,-0.082051282,-0.292307692,8.394914530000001,True,8.394914530000001,Included in tanking score
2022-23,1610612737,ATL,Atlanta Hawks,23,59,0.52173913,0.491525424,12,29,40.305084768,41,0.6949152319999996,0.030213706000000062,82,156.976087,165.9138418,31.39521739,33.18276836,3610.45,9788.916667,-8.937754851,10.69565217,10.5,13.04347826,13.25,19,22,0.195652174,-0.206521739,-0.6949152319999996,8.937754851,0.195652174,-0.206521739,8.231970054,True,8.231970054,Included in tanking score
2021-22,1610612766,CHA,Charlotte Hornets,22,60,0.636363636,0.483333333,14,29,39.633333306,43,3.3666666940000027,0.15303030300000003,82,157.7083333,168.4702778,31.54166667,33.69405556,3469.583333,10108.21667,-10.76194444,11.0,9.916666667,15.76190476,16.16666667,21,21,1.083333333,-0.404761905,-3.3666666940000027,10.76194444,1.083333333,-0.404761905,8.073849174,True,8.073849174,Included in tanking score
2020-21,1610612765,DET,Detroit Pistons,36,36,0.277777778,0.277777778,10,10,20.000000015999998,20,-1.5999997771132257e-08,0.0,72,147.6726852,155.575,29.53453704,31.115,5316.216667,5600.7,-7.902314815,10.7,10.64,13.0,13.72,19,19,0.06,-0.72,1.5999997771132257e-08,7.902314815,0.06,-0.72,7.242314830999998,True,7.242314830999998,Included in tanking score
2020-21,1610612753,ORL,Orlando Magic,36,36,0.222222222,0.361111111,8,13,25.999999992,21,-4.999999991999999,-0.138888889,72,152.1810185,154.0930556,30.4362037,30.81861111,5478.516667,5547.35,-1.912037037,10.13793103,10.09090909,12.55172414,12.54545455,21,16,0.047021944,0.006269592,4.999999991999999,1.912037037,0.047021944,0.006269592,6.965328564999999,True,6.965328564999999,Included in tanking score
2024-25,1610612759,SAS,San Antonio Spurs,30,52,0.366666667,0.442307692,11,23,36.269230744,34,-2.269230743999998,-0.07564102499999997,82,148.9911111,154.161859,29.79822222,30.83237179,4469.733333,8016.416667,-5.170747863,11.1,11.35294118,15.6,15.98039216,24,22,-0.252941176,-0.380392157,2.269230743999998,5.170747863,-0.252941176,-0.380392157,6.806645273999997,True,6.806645273999997,Included in tanking score
2024-25,1610612762,UTA,Utah Jazz,28,54,0.142857143,0.240740741,4,13,19.740740762,17,-2.7407407620000015,-0.09788359800000002,82,150.7196429,154.1373457,30.14392857,30.82746914,4220.15,8323.416667,-3.417702822,9.821428571,10.32075472,15.07142857,14.28301887,22,22,-0.499326146,0.788409704,2.7407407620000015,3.417702822,-0.499326146,0.788409704,6.447527142000001,True,6.447527142000001,Included in tanking score
2023-24,1610612737,ATL,Atlanta Hawks,27,55,0.444444444,0.436363636,12,24,35.781818152,36,0.2181818480000004,0.008080807999999995,82,164.0740741,168.9484848,32.81481481,33.78969697,4430.0,9292.166667,-4.874410774,9.851851852,9.690909091,13.33333333,11.78181818,18,18,0.160942761,1.551515152,-0.2181818480000004,4.874410774,0.160942761,1.551515152,6.368686839,True,6.368686839,Included in tanking score
2021-22,1610612764,WAS,Washington Wizards,24,58,0.333333333,0.465517241,8,27,38.172413762000005,35,-3.172413762000005,-0.13218390800000002,82,151.8055556,154.9152299,30.36111111,30.98304598,3643.333333,8985.083333,-3.10967433,10.52380952,10.40909091,14.9047619,14.95454545,22,20,0.114718615,-0.04978355,3.172413762000005,3.10967433,0.114718615,-0.04978355,6.347023157000005,True,6.347023157000005,Included in tanking score
2021-22,1610612747,LAL,Los Angeles Lakers,24,58,0.25,0.465517241,6,27,38.172413762000005,33,-5.172413762000005,-0.21551724100000003,82,159.0381944,161.9913793,31.80763889,32.39827586,3816.916667,9395.5,-2.953184866,10.0,10.09090909,16.0,17.72727273,24,22,-0.090909091,-1.727272727,5.172413762000005,2.953184866,-0.090909091,-1.727272727,6.307416810000006,True,6.307416810000006,Included in tanking score
2023-24,1610612761,TOR,Toronto Raptors,27,55,0.222222222,0.345454545,6,19,28.32727269,25,-3.327272690000001,-0.123232323,82,158.8771605,162.7330303,31.7754321,32.54660606,4289.683333,8950.316667,-3.855869809,10.18518519,10.56363636,14.40740741,15.70909091,20,23,-0.378451178,-1.301683502,3.327272690000001,3.855869809,-0.378451178,-1.301683502,5.5030078190000005,True,5.5030078190000005,Included in tanking score
2021-22,1610612740,NOP,New Orleans Pelicans,23,59,0.565217391,0.389830508,13,23,31.966101656000003,36,4.033898343999997,0.175386883,82,152.1557971,161.6045198,30.43115942,32.32090395,3499.583333,9534.666667,-9.448722673,10.95454545,10.96428571,15.22727273,15.60714286,21,23,-0.00974026,-0.37987013,-4.033898343999997,9.448722673,-0.00974026,-0.37987013,5.025213939000004,True,5.025213939000004,Included in tanking score
2022-23,1610612762,UTA,Utah Jazz,22,60,0.363636364,0.483333333,8,29,39.633333306,37,-2.6333333059999973,-0.11969696899999999,82,154.2651515,155.8872222,30.8530303,31.17744444,3393.833333,9353.233333,-1.622070707,10.63636364,10.85714286,14.40909091,14.57142857,20,20,-0.220779221,-0.162337662,2.6333333059999973,1.622070707,-0.220779221,-0.162337662,3.872287129999997,True,3.872287129999997,Included in tanking score
2020-21,1610612740,NOP,New Orleans Pelicans,36,36,0.444444444,0.416666667,16,15,30.000000024,31,0.9999999760000016,0.027777777000000003,72,158.5125,162.5976852,31.7025,32.51953704,5706.45,5853.516667,-4.085185185,10.06666667,10.24,14.0,13.04,19,18,-0.173333333,0.96,-0.9999999760000016,4.085185185,-0.173333333,0.96,3.8718518759999987,True,3.8718518759999987,Included in tanking score
2022-23,1610612761,TOR,Toronto Raptors,23,59,0.565217391,0.474576271,13,28,38.915254222,41,2.0847457779999985,0.09064112000000002,82,170.6608696,176.1480226,34.13217391,35.22960452,3925.2,10392.73333,-5.487153034,10.52173913,10.10714286,12.65217391,13.35714286,16,20,0.414596273,-0.704968944,-2.0847457779999985,5.487153034,0.414596273,-0.704968944,3.1120345850000017,True,3.1120345850000017,Included in tanking score
2020-21,1610612766,CHA,Charlotte Hornets,37,35,0.432432432,0.485714286,16,17,34.971428592,33,-1.9714285920000023,-0.05328185400000002,72,162.1225225,163.0152381,32.4245045,32.60304762,5998.533333,5705.533333,-0.892715573,10.29032258,9.818181818,16.41935484,17.36363636,21,22,0.472140762,-0.944281525,1.9714285920000023,0.892715573,0.472140762,-0.944281525,2.3920034020000025,True,2.3920034020000025,Included in tanking score
2020-21,1610612761,TOR,Toronto Raptors,36,36,0.277777778,0.472222222,10,17,33.999999984,27,-6.999999983999999,-0.19444444400000005,72,168.1904762,167.2342593,33.63809524,33.44685185,5886.666667,6020.433333,0.956216931,9.666666667,11.0,13.33333333,15.75,20,20,-1.333333333,-2.416666667,6.999999983999999,-0.956216931,-1.333333333,-2.416666667,2.293783052999999,True,2.293783052999999,Included in tanking score
2024-25,1610612737,ATL,Atlanta Hawks,27,55,0.518518519,0.472727273,14,26,38.763636386,40,1.2363636139999983,0.04579124600000001,82,158.5666667,160.3357576,31.71333333,32.06715152,4122.733333,8818.466667,-1.769090909,9.888888889,9.836363636,15.74074074,14.43636364,21,22,0.052525253,1.304377104,-1.2363636139999983,1.769090909,0.052525253,1.304377104,1.8896296520000018,True,1.8896296520000018,Included in tanking score
2022-23,1610612764,WAS,Washington Wizards,24,58,0.291666667,0.482758621,7,28,39.586206922,35,-4.586206922000002,-0.191091954,82,161.8194444,159.8149425,32.36388889,31.96298851,3883.666667,9269.266667,2.004501916,10.56521739,10.64285714,14.91304348,15.69642857,18,25,-0.077639752,-0.783385093,4.586206922000002,-2.004501916,-0.077639752,-0.783385093,1.720680161000002,True,1.720680161000002,Included in tanking score
2022-23,1610612754,IND,Indiana Pacers,22,60,0.409090909,0.433333333,9,26,35.533333305999996,35,-0.5333333059999958,-0.024242423999999985,82,151.9909091,155.025,30.39818182,31.005,3343.8,9301.5,-3.034090909,10.04545455,10.71929825,14.59090909,15.85964912,18,23,-0.6738437,-1.268740032,0.5333333059999958,3.034090909,-0.6738437,-1.268740032,1.624840482999996,True,1.624840482999996,Included in tanking score
2021-22,1610612754,IND,Indiana Pacers,22,60,0.227272727,0.333333333,5,20,27.333333306,25,-2.333333306,-0.106060606,82,163.1106061,162.0191667,32.62212121,32.40383333,3588.433333,9721.15,1.091439394,9.476190476,10.44,16.47619048,16.56,21,20,-0.963809524,-0.083809524,2.333333306,-1.091439394,-0.963809524,-0.083809524,0.19427486400000013,True,0.19427486400000013,Included in tanking score
2024-25,1610612765,DET,Detroit Pistons,27,55,0.555555556,0.527272727,15,29,43.236363614000005,44,0.7636363859999946,0.0282828289999999,82,153.3123457,154.8651515,30.66246914,30.9730303,4139.433333,8517.583333,-1.552805836,10.96296296,10.63636364,16.74074074,17.36363636,22,25,0.326599327,-0.622895623,-0.7636363859999946,1.552805836,0.326599327,-0.622895623,0.49287315400000553,False,0.0,Playoff/above-.500 team: score set to 0
2020-21,1610612748,MIA,Miami Heat,36,36,0.611111111,0.5,22,18,36.0,40,4.0,0.11111111100000004,72,160.2583333,164.5138889,32.05166667,32.90277778,5769.3,5922.5,-4.255555556,10.36666667,9.96,14.63333333,15.16,19,25,0.406666667,-0.526666667,-4.0,4.255555556,0.406666667,-0.526666667,0.13555555600000002,False,0.0,Playoff/above-.500 team: score set to 0
2020-21,1610612749,MIL,Milwaukee Bucks,36,36,0.666666667,0.611111111,24,22,43.999999992,46,2.0000000080000007,0.05555555599999995,72,156.2259259,154.6472222,31.24518519,30.92944444,5624.133333,5567.3,1.578703704,11.12903226,11.08,19.12903226,18.76,26,26,0.049032258,0.369032258,-2.0000000080000007,-1.578703704,0.049032258,0.369032258,-3.160639196000001,False,-0.0,Playoff/above-.500 team: score set to 0
2020-21,1610612744,GSW,Golden State Warriors,35,37,0.571428571,0.513513514,20,19,36.972973008,39,2.0270269920000032,0.05791505699999999,72,161.5685714,150.6788288,32.31371429,30.13576577,5654.9,5575.116667,10.8897426,10.06896552,11.13043478,14.65517241,13.73913043,20,21,-1.061469265,0.916041979,-2.0270269920000032,-10.8897426,-1.061469265,0.916041979,-13.062196878000004,False,-0.0,Playoff/above-.500 team: score set to 0
2020-21,1610612743,DEN,Denver Nuggets,36,36,0.722222222,0.583333333,26,21,41.999999976,47,5.000000024000002,0.13888888899999996,72,160.4333333,163.275,32.08666667,32.655,5775.6,5877.9,-2.841666667,11.2,11.47826087,13.3,14.13043478,17,20,-0.27826087,-0.830434783,-5.000000024000002,2.841666667,-0.27826087,-0.830434783,-3.2670290100000017,False,-0.0,Playoff/above-.500 team: score set to 0
2020-21,1610612742,DAL,Dallas Mavericks,38,34,0.631578947,0.529411765,24,18,38.11764708,42,3.8823529200000024,0.10216718199999997,72,157.8837719,157.5892157,31.57675439,31.51784314,5999.583333,5358.033333,0.294556244,11.22580645,11.32,16.16129032,15.88,22,22,-0.094193548,0.281290323,-3.8823529200000024,-0.294556244,-0.094193548,0.281290323,-3.989812389000002,False,-0.0,Playoff/above-.500 team: score set to 0
2020-21,1610612755,PHI,Philadelphia 76ers,36,36,0.694444444,0.666666667,25,24,48.000000024,49,0.999999975999998,0.02777777700000006,72,145.4611111,162.1638889,29.09222222,32.43277778,5236.6,5837.9,-16.70277778,12.43333333,11.04545455,14.7,14.59090909,20,22,1.387878788,0.109090909,-0.999999975999998,16.70277778,1.387878788,0.109090909,17.199747501,False,0.0,Playoff/above-.500 team: score set to 0
2020-21,1610612738,BOS,Boston Celtics,36,36,0.472222222,0.527777778,17,19,38.000000016,36,-2.0000000160000013,-0.055555556000000006,72,161.0439815,152.8134259,32.2087963,30.56268519,5797.583333,5501.283333,8.230555556,11.32258065,10.92307692,16.48387097,16.5,22,23,0.399503722,-0.016129032,2.0000000160000013,-8.230555556,0.399503722,-0.016129032,-5.847180849999999,False,-0.0,Playoff/above-.500 team: score set to 0
2024-25,1610612763,MEM,Memphis Grizzlies,28,54,0.428571429,0.666666667,12,36,54.666666694,48,-6.666666694,-0.238095238,82,154.1142857,143.7098765,30.82285714,28.74197531,4315.2,7760.333333,10.40440917,11.35714286,11.37037037,20.0,20.03703704,29,30,-0.013227513,-0.037037037,6.666666694,-10.40440917,-0.013227513,-0.037037037,-3.7880070259999994,False,-0.0,Playoff/above-.500 team: score set to 0
2024-25,1610612754,IND,Indiana Pacers,29,53,0.689655172,0.566037736,20,30,46.415094352,50,3.584905648000003,0.12361743600000008,82,155.5166667,159.577044,31.10333333,31.91540881,4509.983333,8457.583333,-4.060377358,11.44827586,10.96078431,16.13793103,15.56862745,23,24,0.487491548,0.569303584,-3.584905648000003,4.060377358,0.487491548,0.569303584,1.5322668419999972,False,0.0,Playoff/above-.500 team: score set to 0
2024-25,1610612760,OKC,Oklahoma City Thunder,28,54,0.857142857,0.814814815,24,44,66.81481483,68,1.185185169999997,0.042328042000000066,82,156.8135802,154.2570988,31.36271605,30.85141975,4233.966667,8329.883333,2.556481481,10.85714286,11.35185185,16.21428571,16.75925926,23,24,-0.494708995,-0.544973545,-1.185185169999997,-2.556481481,-0.494708995,-0.544973545,-4.781349190999997,False,-0.0,Playoff/above-.500 team: score set to 0
2020-21,1610612751,BKN,Brooklyn Nets,35,37,0.685714286,0.648648649,24,24,46.702702728,48,1.2972972720000016,0.037065636999999985,72,156.3033333,162.1797297,31.26066667,32.43594595,5470.616667,6000.65,-5.876396396,10.44827586,10.55555556,16.62068966,13.62962963,20,20,-0.107279693,2.991060026,-1.2972972720000016,5.876396396,-0.107279693,2.991060026,7.462879456999998,False,0.0,Playoff/above-.500 team: score set to 0
2020-21,1610612752,NYK,New York Knicks,35,37,0.628571429,0.513513514,22,19,36.972973008,41,4.027026992000003,0.11505791499999996,72,167.9528571,160.1301802,33.59057143,32.02603604,5878.35,5924.816667,7.822676963,10.96551724,10.6,11.86206897,11.8,16,17,0.365517241,0.062068966,-4.027026992000003,-7.822676963,0.365517241,0.062068966,-11.422117748000003,False,-0.0,Playoff/above-.500 team: score set to 0
2020-21,1610612756,PHX,Phoenix Suns,37,35,0.72972973,0.685714286,27,24,49.371428591999994,51,1.6285714080000062,0.044015444000000015,72,159.240991,159.0890476,31.8481982,31.81780952,5891.916667,5568.116667,0.151943372,10.85294118,11.52,13.5,14.92,20,20,-0.667058824,-1.42,-1.6285714080000062,-0.151943372,-0.667058824,-1.42,-3.867573604000006,False,-0.0,Playoff/above-.500 team: score set to 0
2020-21,1610612757,POR,Portland Trail Blazers,37,35,0.567567568,0.6,21,21,43.199999999999996,42,-1.1999999999999957,-0.03243243200000001,72,162.4121622,163.5204762,32.48243243,32.70409524,6009.25,5723.216667,-1.108314028,10.74193548,9.652173913,13.67741935,12.73913043,19,17,1.089761571,0.93828892,1.1999999999999957,1.108314028,1.089761571,0.93828892,4.3363645189999955,False,0.0,Playoff/above-.500 team: score set to 0
2020-21,1610612747,LAL,Los Angeles Lakers,35,37,0.514285714,0.648648649,18,24,46.702702728,42,-4.7027027279999984,-0.13436293499999996,72,155.0742857,152.8626126,31.01485714,30.57252252,5427.6,5655.916667,2.211673102,10.93548387,11.13043478,14.5483871,14.52173913,19,23,-0.194950912,0.026647966,4.7027027279999984,-2.211673102,-0.194950912,0.026647966,2.322726679999999,False,0.0,Playoff/above-.500 team: score set to 0
2020-21,1610612746,LAC,LA Clippers,34,38,0.676470588,0.631578947,23,24,45.47368418399999,47,1.5263158160000074,0.04489164100000009,72,154.5710784,151.1201754,30.91421569,30.22403509,5255.416667,5742.566667,3.450902993,11.03448276,11.0,15.62068966,15.36,20,24,0.034482759,0.260689655,-1.5263158160000074,-3.450902993,0.034482759,0.260689655,-4.682046395000007,False,-0.0,Playoff/above-.500 team: score set to 0
2021-22,1610612755,PHI,Philadelphia 76ers,24,58,0.666666667,0.603448276,16,35,49.482758632,51,1.5172413680000005,0.06321839100000004,82,168.5493056,167.6106322,33.70986111,33.52212644,4045.183333,9721.416667,0.938673372,10.45454545,9.954545455,15.0,14.5,21,25,0.5,0.5,-1.5172413680000005,-0.938673372,0.5,0.5,-1.4559147400000008,False,-0.0,Playoff/above-.500 team: score set to 0
2021-22,1610612748,MIA,Miami Heat,23,59,0.652173913,0.644067797,15,38,52.813559354000006,53,0.1864406459999941,0.008106115999999997,82,158.8884058,165.9774011,31.77768116,33.19548023,3654.433333,9792.666667,-7.088995333,10.6,10.13333333,11.95,14.13333333,16,20,0.466666667,-2.183333333,-0.1864406459999941,7.088995333,0.466666667,-2.183333333,5.185888021000006,False,0.0,Playoff/above-.500 team: score set to 0
2021-22,1610612751,BKN,Brooklyn Nets,23,59,0.565217391,0.525423729,13,31,43.084745778,44,0.9152542220000015,0.03979366200000001,82,163.3144928,161.4381356,32.66289855,32.28762712,3756.233333,9524.85,1.87635716,10.13636364,10.93548387,16.22727273,16.22580645,24,24,-0.799120235,0.001466276,-0.9152542220000015,-1.87635716,-0.799120235,0.001466276,-3.5892653410000013,False,-0.0,Playoff/above-.500 team: score set to 0
2021-22,1610612756,PHX,Phoenix Suns,24,58,0.666666667,0.827586207,16,48,67.862068974,64,-3.862068973999996,-0.16091953999999997,82,160.8215278,161.2272989,32.16430556,32.24545977,3859.716667,9351.183333,-0.405771073,10.69565217,10.54545455,12.69565217,14.36363636,18,21,0.150197628,-1.66798419,3.862068973999996,0.405771073,0.150197628,-1.66798419,2.750053484999996,False,0.0,Playoff/above-.500 team: score set to 0
2021-22,1610612742,DAL,Dallas Mavericks,23,59,0.739130435,0.593220339,17,35,48.644067798,52,3.355932201999998,0.14591009599999993,82,163.4731884,160.5971751,32.69463768,32.11943503,3759.883333,9475.233333,2.876013265,10.55,11.625,14.95,16.95833333,19,26,-1.075,-2.008333333,-3.355932201999998,-2.876013265,-1.075,-2.008333333,-9.315278799999998,False,-0.0,Playoff/above-.500 team: score set to 0
2021-22,1610612743,DEN,Denver Nuggets,24,58,0.625,0.568965517,15,33,46.655172394,48,1.3448276060000026,0.056034483000000024,82,154.8715278,156.3847701,30.97430556,31.27695402,3716.916667,9070.316667,-1.513242337,10.875,10.95833333,12.20833333,13.41666667,17,25,-0.083333333,-1.208333333,-1.3448276060000026,1.513242337,-0.083333333,-1.208333333,-1.1232519350000023,False,-0.0,Playoff/above-.500 team: score set to 0
2022-23,1610612758,SAC,Sacramento Kings,25,57,0.64,0.561403509,16,32,46.035087738,48,1.9649122619999986,0.07859649099999999,82,158.0646667,163.2438596,31.61293333,32.64877193,3951.616667,9304.9,-5.179192982,11.96,11.42307692,15.16,15.71153846,20,24,0.536923077,-0.551538462,-1.9649122619999986,5.179192982,0.536923077,-0.551538462,3.1996653350000015,False,0.0,Playoff/above-.500 team: score set to 0
2022-23,1610612756,PHX,Phoenix Suns,22,60,0.590909091,0.533333333,13,32,43.733333306,45,1.2666666940000013,0.05757575800000003,82,155.1833333,160.1783333,31.03666667,32.03566667,3414.033333,9610.7,-4.995,11.31818182,10.86206897,14.63636364,15.13793103,21,22,0.456112853,-0.501567398,-1.2666666940000013,4.995,0.456112853,-0.501567398,3.6828787609999982,False,0.0,Playoff/above-.500 team: score set to 0
2022-23,1610612751,BKN,Brooklyn Nets,24,58,0.458333333,0.586206897,11,34,48.068965553999995,45,-3.0689655539999947,-0.12787356399999994,82,165.91875,162.9103448,33.18375,32.58206897,3982.05,9448.8,3.008405172,10.625,10.68421053,14.95833333,16.0877193,21,22,-0.059210526,-1.129385965,3.0689655539999947,-3.008405172,-0.059210526,-1.129385965,-1.128036109000005,False,-0.0,Playoff/above-.500 team: score set to 0
2022-23,1610612744,GSW,Golden State Warriors,24,58,0.625,0.5,15,29,41.0,44,3.0,0.125,82,158.8729167,160.3798851,31.77458333,32.07597701,3812.95,9302.033333,-1.506968391,10.5,10.26785714,17.875,17.125,23,23,0.232142857,0.75,-3.0,1.506968391,0.232142857,0.75,-0.5108887520000001,False,-0.0,Playoff/above-.500 team: score set to 0
2022-23,1610612752,NYK,New York Knicks,22,60,0.636363636,0.55,14,33,45.1,47,1.8999999999999986,0.08636363599999997,82,167.4984848,170.3197222,33.49969697,34.06394444,3684.966667,10219.18333,-2.821237374,9.5,10.24561404,11.77272727,12.28070175,15,20,-0.745614035,-0.507974482,-1.8999999999999986,2.821237374,-0.745614035,-0.507974482,-0.3323511429999987,False,-0.0,Playoff/above-.500 team: score set to 0
2022-23,1610612748,MIA,Miami Heat,23,59,0.52173913,0.542372881,12,32,44.474576242000005,44,-0.4745762420000048,-0.020633750999999978,82,158.726087,173.0418079,31.74521739,34.60836158,3650.7,10209.46667,-14.31572095,10.2173913,9.120689655,12.7826087,12.81034483,18,21,1.096701649,-0.027736132,0.4745762420000048,14.31572095,1.096701649,-0.027736132,15.859262709000005,False,0.0,Playoff/above-.500 team: score set to 0
2022-23,1610612750,MIN,Minnesota Timberwolves,21,61,0.523809524,0.508196721,11,31,41.672131122,42,0.32786887799999676,0.015612803000000008,82,166.7888889,163.6311475,33.35777778,32.72622951,3502.566667,9981.5,3.157741348,10.14285714,10.61016949,15.23809524,16.77966102,21,26,-0.467312349,-1.541565779,-0.32786887799999676,-3.157741348,-0.467312349,-1.541565779,-5.494488353999997,False,-0.0,Playoff/above-.500 team: score set to 0
2022-23,1610612749,MIL,Milwaukee Bucks,24,58,0.708333333,0.706896552,17,41,57.965517264,58,0.03448273600000107,0.001436780999999998,82,151.2548611,154.470977,30.25097222,30.8941954,3630.116667,8959.316667,-3.2161159,11.125,10.92857143,20.04166667,20.67857143,26,26,0.196428571,-0.636904762,-0.03448273600000107,3.2161159,0.196428571,-0.636904762,2.7411569729999994,False,0.0,Playoff/above-.500 team: score set to 0
2022-23,1610612755,PHI,Philadelphia 76ers,25,57,0.64,0.666666667,16,38,54.666666694,54,-0.6666666939999999,-0.026666666999999977,82,165.156,165.8178363,33.0312,33.16356725,4128.9,9451.616667,-0.661836257,10.96,10.65384615,13.92,15.11538462,20,23,0.306153846,-1.195384615,0.6666666939999999,0.661836257,0.306153846,-1.195384615,0.43927218199999984,False,0.0,Playoff/above-.500 team: score set to 0
2022-23,1610612740,NOP,New Orleans Pelicans,23,59,0.52173913,0.508474576,12,30,41.694915232,42,0.3050847680000004,0.01326455400000004,82,169.1514493,157.2220339,33.83028986,31.44440678,3890.483333,9276.1,11.92941538,10.26086957,10.42372881,13.91304348,16.81355932,22,25,-0.162859248,-2.900515844,-0.3050847680000004,-11.92941538,-0.162859248,-2.900515844,-15.29787524,False,-0.0,Playoff/above-.500 team: score set to 0
2022-23,1610612742,DAL,Dallas Mavericks,22,60,0.318181818,0.516666667,7,31,42.366666693999996,38,-4.366666693999996,-0.19848484899999996,82,164.1159091,167.2769444,32.82318182,33.45538889,3610.55,10036.61667,-3.161035354,10.54545455,10.80701754,15.36363636,15.0877193,24,20,-0.261562998,0.275917065,4.366666693999996,3.161035354,-0.261562998,0.275917065,7.542056114999996,False,0.0,Playoff/above-.500 team: score set to 0
2022-23,1610612743,DEN,Denver Nuggets,23,59,0.52173913,0.694915254,12,41,56.983050827999996,53,-3.983050827999996,-0.17317612399999993,82,158.3485507,159.0310734,31.66971014,31.80621469,3642.016667,9382.833333,-0.682522722,10.7826087,11.03571429,10.39130435,13.33928571,15,19,-0.25310559,-2.947981366,3.983050827999996,0.682522722,-0.25310559,-2.947981366,1.4644865939999963,False,0.0,Playoff/above-.500 team: score set to 0
2021-22,1610612763,MEM,Memphis Grizzlies,22,60,0.681818182,0.683333333,15,41,56.033333305999996,56,-0.033333305999995844,-0.0015151509999999924,82,143.275,147.7244444,28.655,29.54488889,3152.05,8863.466667,-4.449444444,11.09090909,11.5,14.90909091,15.26923077,22,20,-0.409090909,-0.36013986,0.033333305999995844,4.449444444,-0.409090909,-0.36013986,3.7135469809999964,False,0.0,Playoff/above-.500 team: score set to 0
2021-22,1610612762,UTA,Utah Jazz,24,58,0.541666667,0.620689655,13,36,50.89655171,49,-1.8965517099999971,-0.07902298799999996,82,158.8555556,157.4020115,31.77111111,31.4804023,3812.533333,9129.316667,1.453544061,10.86363636,11.0,11.36363636,11.93103448,18,17,-0.136363636,-0.567398119,1.8965517099999971,-1.453544061,-0.136363636,-0.567398119,-0.26075410600000304,False,-0.0,Playoff/above-.500 team: score set to 0
2022-23,1610612738,BOS,Boston Celtics,23,59,0.652173913,0.711864407,15,42,58.372881373999995,57,-1.372881373999995,-0.05969049399999993,82,168.2,167.6847458,33.64,33.53694915,3868.6,9893.4,0.515254237,10.30434783,10.44642857,13.86956522,14.46428571,20,23,-0.142080745,-0.594720497,1.372881373999995,-0.515254237,-0.142080745,-0.594720497,0.12082589499999508,False,0.0,Playoff/above-.500 team: score set to 0
2022-23,1610612739,CLE,Cleveland Cavaliers,21,61,0.619047619,0.62295082,13,38,51.081967240000004,51,-0.08196724000000444,-0.0039032009999999673,82,167.2492063,169.9456284,33.44984127,33.98912568,3512.233333,10366.68333,-2.696422066,10.28571429,10.0,14.9047619,16.41071429,19,25,0.285714286,-1.505952381,0.08196724000000444,2.696422066,0.285714286,-1.505952381,1.5581512110000044,False,0.0,Playoff/above-.500 team: score set to 0
2022-23,1610612763,MEM,Memphis Grizzlies,25,57,0.64,0.614035088,16,35,50.35087721599999,51,0.6491227840000064,0.025964912000000062,82,158.2006667,151.4040936,31.64013333,30.28081871,3955.016667,8630.033333,6.796573099,10.88,10.75471698,14.44,15.43396226,19,21,0.125283019,-0.993962264,-0.6491227840000064,-6.796573099,0.125283019,-0.993962264,-8.314375128000005,False,-0.0,Playoff/above-.500 team: score set to 0
2023-24,1610612743,DEN,Denver Nuggets,27,55,0.777777778,0.654545455,21,36,53.672727310000006,57,3.327272689999994,0.12323232299999998,82,161.7969136,161.5009091,32.35938272,32.30018182,4368.516667,8882.55,0.296004489,11.55555556,11.10909091,11.7037037,13.18181818,17,20,0.446464646,-1.478114478,-3.327272689999994,-0.296004489,0.446464646,-1.478114478,-4.654927010999994,False,-0.0,Playoff/above-.500 team: score set to 0
2023-24,1610612740,NOP,New Orleans Pelicans,27,55,0.592592593,0.6,16,33,49.199999999999996,49,-0.19999999999999574,-0.007407406999999977,82,165.0648148,154.6042424,33.01296296,30.92084848,4456.75,8503.233333,10.46057239,10.33333333,10.70909091,14.92592593,17.81818182,22,26,-0.375757576,-2.892255892,0.19999999999999574,-10.46057239,-0.375757576,-2.892255892,-13.528585858000003,False,-0.0,Playoff/above-.500 team: score set to 0
2023-24,1610612739,CLE,Cleveland Cavaliers,29,53,0.413793103,0.679245283,12,36,55.698113205999995,48,-7.698113205999995,-0.26545218,82,165.4413793,161.8971698,33.08827586,32.37943396,4797.8,8580.55,3.544209499,10.0,10.09433962,15.06896552,15.62264151,24,22,-0.094339623,-0.553675992,7.698113205999995,-3.544209499,-0.094339623,-0.553675992,3.5058880919999953,False,0.0,Playoff/above-.500 team: score set to 0
2023-24,1610612738,BOS,Boston Celtics,27,55,0.777777778,0.781818182,21,43,64.109090924,64,-0.1090909240000002,-0.004040403999999942,82,163.045679,165.9312121,32.6091358,33.18624242,4402.233333,9126.216667,-2.885533109,10.66666667,10.32727273,13.07407407,13.65454545,21,19,0.339393939,-0.58047138,0.1090909240000002,2.885533109,0.339393939,-0.58047138,2.7535465919999997,False,0.0,Playoff/above-.500 team: score set to 0
2021-22,1610612749,MIL,Milwaukee Bucks,22,60,0.681818182,0.6,15,36,49.199999999999996,51,1.8000000000000043,0.08181818200000002,82,157.2712121,157.0852778,31.45424242,31.41705556,3459.966667,9425.116667,0.185934343,10.81818182,10.4,20.77272727,20.6,26,27,0.418181818,0.172727273,-1.8000000000000043,-0.185934343,0.418181818,0.172727273,-1.3950252520000044,False,-0.0,Playoff/above-.500 team: score set to 0
2021-22,1610612750,MIN,Minnesota Timberwolves,23,59,0.652173913,0.525423729,15,31,43.084745778,46,2.9152542220000015,0.12675018400000004,82,148.3427536,159.2322034,29.66855072,31.84644068,3411.883333,9394.7,-10.88944977,11.54545455,11.27586207,16.45454545,16.72413793,21,22,0.269592476,-0.269592476,-2.9152542220000015,10.88944977,0.269592476,-0.269592476,7.974195547999999,False,0.0,Playoff/above-.500 team: score set to 0
2022-23,1610612746,LAC,LA Clippers,21,61,0.523809524,0.540983607,11,33,44.360655774,44,-0.3606557740000014,-0.017174083000000007,82,156.2706349,155.1319672,31.25412698,31.02639344,3281.683333,9463.05,1.138667708,10.38095238,10.5862069,12.76190476,14.82758621,18,20,-0.205254516,-2.065681445,0.3606557740000014,-1.138667708,-0.205254516,-2.065681445,-3.0489478949999986,False,-0.0,Playoff/above-.500 team: score set to 0
2021-22,1610612761,TOR,Toronto Raptors,25,57,0.64,0.561403509,16,32,46.035087738,48,1.9649122619999986,0.07859649099999999,82,171.6506667,177.3830409,34.33013333,35.47660819,4291.266667,10110.83333,-5.732374269,10.54166667,10.53846154,12.20833333,14.92307692,18,19,0.003205128,-2.71474359,-1.9649122619999986,5.732374269,0.003205128,-2.71474359,1.0559235450000015,False,0.0,Playoff/above-.500 team: score set to 0
2021-22,1610612738,BOS,Boston Celtics,22,60,0.772727273,0.566666667,17,34,46.466666694000004,51,4.533333305999996,0.20606060599999998,82,165.0757576,166.4263889,33.01515152,33.28527778,3631.666667,9985.583333,-1.350631313,10.71428571,10.60714286,12.9047619,14.25,17,20,0.107142857,-1.345238095,-4.533333305999996,1.350631313,0.107142857,-1.345238095,-4.420797230999996,False,-0.0,Playoff/above-.500 team: score set to 0
2021-22,1610612739,CLE,Cleveland Cavaliers,24,58,0.375,0.603448276,9,35,49.482758632,44,-5.4827586319999995,-0.22844827599999995,82,166.9208333,162.658908,33.38416667,32.53178161,4006.1,9434.216667,4.261925287,10.86363636,10.43333333,17.0,16.2,21,24,0.43030303,0.8,5.4827586319999995,-4.261925287,0.43030303,0.8,2.451136374999999,False,0.0,Playoff/above-.500 team: score set to 0
2021-22,1610612741,CHI,Chicago Bulls,23,59,0.347826087,0.644067797,8,38,52.813559354000006,46,-6.813559354000006,-0.29624171000000005,82,166.3608696,169.0788136,33.27217391,33.81576271,3826.3,9975.65,-2.717943994,10.0,10.03846154,15.22727273,15.0,21,20,-0.038461538,0.227272727,6.813559354000006,2.717943994,-0.038461538,0.227272727,9.720314537000007,False,0.0,Playoff/above-.500 team: score set to 0
2021-22,1610612744,GSW,Golden State Warriors,23,59,0.47826087,0.711864407,11,42,58.372881373999995,53,-5.372881373999995,-0.23360353699999997,82,155.4413043,151.3601695,31.08826087,30.2720339,3575.15,8930.25,4.081134856,10.68181818,11.625,17.59090909,17.25,23,24,-0.943181818,0.340909091,5.372881373999995,-4.081134856,-0.943181818,0.340909091,0.6894737909999947,False,0.0,Playoff/above-.500 team: score set to 0
2020-21,1610612762,UTA,Utah Jazz,36,36,0.694444444,0.75,25,27,54.0,52,-2.0,-0.05555555599999995,72,156.5101852,159.2587963,31.30203704,31.85175926,5634.366667,5733.316667,-2.748611111,11.83333333,11.30434783,11.7,12.52173913,17,21,0.528985507,-0.82173913,2.0,2.748611111,0.528985507,-0.82173913,4.455857488,False,0.0,Playoff/above-.500 team: score set to 0
2020-21,1610612763,MEM,Memphis Grizzlies,40,32,0.55,0.5,22,16,36.0,38,2.0,0.050000000000000044,72,149.8966667,145.9307292,29.97933333,29.18614583,5995.866667,4669.783333,3.9659375,11.18181818,10.30434783,14.33333333,16.7826087,21,20,0.877470356,-2.449275362,-2.0,-3.9659375,0.877470356,-2.449275362,-7.537742506,False,-0.0,Playoff/above-.500 team: score set to 0
2020-21,1610612759,SAS,San Antonio Spurs,40,32,0.375,0.5625,15,18,40.5,33,-7.5,-0.1875,72,155.17625,153.6677083,31.03525,30.73354167,6207.05,4917.366667,1.508541667,11.38235294,10.76470588,16.26470588,15.05882353,20,18,0.617647059,1.205882353,7.5,-1.508541667,0.617647059,1.205882353,7.814987745,False,0.0,Playoff/above-.500 team: score set to 0
2023-24,1610612760,OKC,Oklahoma City Thunder,28,54,0.714285714,0.685185185,20,37,56.185185170000004,57,0.814814829999996,0.02910052899999993,82,146.7416667,150.9549383,29.34833333,30.19098765,4108.766667,8151.566667,-4.213271605,12.03571429,11.88888889,18.96428571,18.64814815,29,27,0.146825397,0.316137566,-0.814814829999996,4.213271605,0.146825397,0.316137566,3.8614197380000044,False,0.0,Playoff/above-.500 team: score set to 0
2023-24,1610612758,SAC,Sacramento Kings,28,54,0.535714286,0.574074074,15,31,47.074074068,46,-1.0740740680000016,-0.03835978799999995,82,167.4779762,164.0969136,33.49559524,32.81938272,4689.383333,8861.233333,3.38106261,11.28571429,11.77777778,15.85714286,15.16666667,26,24,-0.492063492,0.69047619,1.0740740680000016,-3.38106261,-0.492063492,0.69047619,-2.108575843999998,False,-0.0,Playoff/above-.500 team: score set to 0
2023-24,1610612756,PHX,Phoenix Suns,27,55,0.592592593,0.6,16,33,49.199999999999996,49,-0.19999999999999574,-0.007407406999999977,82,172.7234568,165.1542424,34.54469136,33.03084848,4663.533333,9083.483333,7.569214366,11.0,10.85454545,14.37037037,16.07272727,22,23,0.145454545,-1.702356902,0.19999999999999574,-7.569214366,0.145454545,-1.702356902,-8.926116723000003,False,-0.0,Playoff/above-.500 team: score set to 0
2023-24,1610612753,ORL,Orlando Magic,27,55,0.62962963,0.545454545,17,30,44.72727269,47,2.2727273100000005,0.08417508500000004,82,148.262963,152.8381818,29.65259259,30.56763636,4003.1,8406.1,-4.575218855,12.22222222,11.45454545,12.81481481,14.32727273,17,27,0.767676768,-1.512457912,-2.2727273100000005,4.575218855,0.767676768,-1.512457912,1.5577104009999996,False,0.0,Playoff/above-.500 team: score set to 0
2024-25,1610612746,LAC,LA Clippers,28,54,0.678571429,0.574074074,19,31,47.074074068,50,2.9259259319999984,0.10449735500000001,82,165.5113095,154.4490741,33.1022619,30.88981481,4634.316667,8340.25,11.06223545,10.85714286,11.05660377,13.28571429,13.45283019,20,25,-0.199460916,-0.167115903,-2.9259259319999984,-11.06223545,-0.199460916,-0.167115903,-14.354738200999996,False,-0.0,Playoff/above-.500 team: score set to 0
2024-25,1610612750,MIN,Minnesota Timberwolves,26,56,0.692307692,0.553571429,18,31,45.392857178,49,3.607142822,0.13873626299999997,82,163.1893333,165.997619,32.63786667,33.19952381,4079.733333,9295.866667,-2.808285714,11.11538462,10.125,15.92307692,13.91071429,22,20,0.990384615,2.012362637,-3.607142822,2.808285714,0.990384615,2.012362637,2.203890144,False,0.0,Playoff/above-.500 team: score set to 0
2024-25,1610612758,SAC,Sacramento Kings,27,55,0.444444444,0.509090909,12,28,41.745454538,40,-1.745454537999997,-0.06464646499999999,82,170.508642,176.9139394,34.1017284,35.38278788,4603.733333,9730.266667,-6.405297419,11.07407407,10.68518519,13.40740741,14.07407407,23,21,0.388888889,-0.666666667,1.745454537999997,6.405297419,0.388888889,-0.666666667,7.872974178999997,False,0.0,Playoff/above-.500 team: score set to 0
2024-25,1610612752,NYK,New York Knicks,28,54,0.535714286,0.666666667,15,36,54.666666694,51,-3.666666694,-0.13095238099999995,82,178.8178571,182.2311728,35.76357143,36.44623457,5006.9,9840.483333,-3.413315697,10.03571429,10.05555556,12.57142857,11.81481481,17,19,-0.01984127,0.756613757,3.666666694,3.413315697,-0.01984127,0.756613757,7.816754878,False,0.0,Playoff/above-.500 team: score set to 0
2024-25,1610612742,DAL,Dallas Mavericks,26,56,0.346153846,0.535714286,9,30,43.928571452,39,-4.928571452,-0.18956044000000005,82,157.6551282,158.3342262,31.53102564,31.66684524,4099.033333,8866.716667,-0.679097985,9.807692308,11.19642857,17.42307692,18.46428571,23,31,-1.388736264,-1.041208791,4.928571452,0.679097985,-1.388736264,-1.041208791,3.177724382,False,0.0,Playoff/above-.500 team: score set to 0
2024-25,1610612745,HOU,Houston Rockets,27,55,0.666666667,0.618181818,18,34,50.690909076000004,52,1.309090923999996,0.04848484899999994,82,164.0197531,167.8712121,32.80395062,33.57424242,4428.533333,9232.916667,-3.851459035,10.77777778,10.36363636,16.11111111,15.65454545,22,22,0.414141414,0.456565657,-1.309090923999996,3.851459035,0.414141414,0.456565657,3.413075182000004,False,0.0,Playoff/above-.500 team: score set to 0
2024-25,1610612739,CLE,Cleveland Cavaliers,28,54,0.714285714,0.814814815,20,44,66.81481483,64,-2.814814830000003,-0.10052910100000001,82,151.5470238,148.3682099,30.30940476,29.67364198,4243.316667,8011.883333,3.178813933,11.25,11.01886792,14.53571429,15.24528302,26,22,0.231132075,-0.709568733,2.814814830000003,-3.178813933,0.231132075,-0.709568733,-0.8424357609999967,False,-0.0,Playoff/above-.500 team: score set to 0
2024-25,1610612738,BOS,Boston Celtics,27,55,0.814814815,0.709090909,22,39,58.145454538,61,2.8545454619999973,0.10572390599999992,82,165.6932099,166.5148485,33.13864198,33.3029697,4473.716667,9158.316667,-0.821638608,10.51851852,10.51851852,12.37037037,12.85185185,18,17,0.0,-0.481481481,-2.8545454619999973,0.821638608,0.0,-0.481481481,-2.5143883349999974,False,-0.0,Playoff/above-.500 team: score set to 0
2024-25,1610612744,GSW,Golden State Warriors,27,55,0.740740741,0.509090909,20,28,41.745454538,48,6.254545462000003,0.231649832,82,152.3141975,147.0530303,30.46283951,29.41060606,4112.483333,8087.916667,5.261167228,11.66666667,11.47272727,17.44444444,18.56363636,24,24,0.193939394,-1.119191919,-6.254545462000003,-5.261167228,0.193939394,-1.119191919,-12.440965215000004,False,-0.0,Playoff/above-.500 team: score set to 0
2024-25,1610612743,DEN,Denver Nuggets,27,55,0.518518519,0.654545455,14,36,53.672727310000006,50,-3.672727310000006,-0.13602693600000004,82,176.0679012,169.5833333,35.21358025,33.91666667,4753.833333,9327.083333,6.484567901,10.11111111,10.61818182,12.66666667,13.12727273,19,21,-0.507070707,-0.460606061,3.672727310000006,-6.484567901,-0.507070707,-0.460606061,-3.779517358999994,False,-0.0,Playoff/above-.500 team: score set to 0
2023-24,1610612749,MIL,Milwaukee Bucks,26,56,0.538461538,0.625,14,35,51.25,49,-2.25,-0.08653846200000004,82,159.6929487,161.5050595,31.93858974,32.3010119,4152.016667,9044.283333,-1.812110806,11.0,11.10714286,13.92307692,15.375,19,25,-0.107142857,-1.451923077,2.25,1.812110806,-0.107142857,-1.451923077,2.503044872,False,0.0,Playoff/above-.500 team: score set to 0
2023-24,1610612742,DAL,Dallas Mavericks,27,55,0.666666667,0.581818182,18,32,47.709090924,50,2.2909090759999984,0.08484848499999997,82,157.8530864,159.9475758,31.57061728,31.98951515,4262.033333,8797.116667,-2.094489338,11.59259259,11.21818182,17.33333333,16.81818182,24,24,0.374410774,0.515151515,-2.2909090759999984,2.094489338,0.374410774,0.515151515,0.6931425510000014,False,0.0,Playoff/above-.500 team: score set to 0
2023-24,1610612748,MIA,Miami Heat,27,55,0.592592593,0.545454545,16,30,44.72727269,46,1.2727273100000005,0.04713804799999999,82,162.6858025,163.4354545,32.53716049,32.68709091,4392.516667,8988.95,-0.749652076,10.51851852,9.872727273,13.55555556,12.78181818,18,19,0.645791246,0.773737374,-1.2727273100000005,0.749652076,0.645791246,0.773737374,0.8964533859999995,False,0.0,Playoff/above-.500 team: score set to 0
2023-24,1610612747,LAL,Los Angeles Lakers,26,56,0.653846154,0.535714286,17,30,43.928571452,47,3.071428548,0.11813186799999997,82,173.1660256,166.103869,34.63320513,33.22077381,4502.316667,9301.816667,7.062156593,11.11538462,10.33928571,14.11538462,14.10714286,20,18,0.776098901,0.008241758,-3.071428548,-7.062156593,0.776098901,0.008241758,-9.349244482000001,False,-0.0,Playoff/above-.500 team: score set to 0
2023-24,1610612744,GSW,Golden State Warriors,29,53,0.655172414,0.509433962,19,27,41.773584884,46,4.226415115999998,0.14573845200000002,82,147.5,153.8823899,29.5,30.77647799,4277.5,8155.766667,-6.382389937,11.72413793,10.9245283,16.89655172,16.96226415,23,24,0.799609629,-0.065712427,-4.226415115999998,6.382389937,0.799609629,-0.065712427,2.889872023000002,False,0.0,Playoff/above-.500 team: score set to 0
2023-24,1610612746,LAC,LA Clippers,29,53,0.517241379,0.679245283,15,36,55.698113205999995,51,-4.698113205999995,-0.16200390399999998,82,161.7752874,159.1528302,32.35505747,31.83056604,4691.483333,8435.1,2.622457168,10.68965517,10.37735849,13.89655172,13.94339623,19,19,0.312296682,-0.046844502,4.698113205999995,-2.622457168,0.312296682,-0.046844502,2.341108217999995,False,0.0,Playoff/above-.500 team: score set to 0
2023-24,1610612755,PHI,Philadelphia 76ers,28,54,0.535714286,0.592592593,15,32,48.592592626,47,-1.5925926259999983,-0.05687830699999996,82,160.1327381,161.5694444,32.02654762,32.31388889,4483.716667,8724.75,-1.436706349,10.57142857,11.37037037,15.07142857,14.25925926,20,23,-0.798941799,0.812169312,1.5925926259999983,1.436706349,-0.798941799,0.812169312,3.0425264879999983,False,0.0,Playoff/above-.500 team: score set to 0
2023-24,1610612754,IND,Indiana Pacers,26,56,0.615384615,0.553571429,16,31,45.392857178,47,1.6071428220000001,0.061813185999999964,82,150.0525641,150.1690476,30.01051282,30.03380952,3901.366667,8409.466667,-0.116483516,11.42307692,10.91071429,14.69230769,15.82142857,23,24,0.512362637,-1.129120879,-1.6071428220000001,0.116483516,0.512362637,-1.129120879,-2.1074175480000004,False,-0.0,Playoff/above-.500 team: score set to 0
2024-25,1610612749,MIL,Milwaukee Bucks,29,53,0.655172414,0.547169811,19,29,44.867924501999994,48,3.132075498000006,0.10800260300000009,82,164.3172414,158.286478,32.86344828,31.6572956,4765.2,8389.183333,6.030763392,10.31034483,11.22641509,13.10344828,14.67924528,18,22,-0.916070267,-1.575797007,-3.132075498000006,-6.030763392,-0.916070267,-1.575797007,-11.654706164000007,False,-0.0,Playoff/above-.500 team: score set to 0
2024-25,1610612747,LAL,Los Angeles Lakers,30,52,0.6,0.615384615,18,32,50.46153843,50,-0.4615384299999974,-0.01538461499999999,82,166.5677778,164.5269231,33.31355556,32.90538462,4997.033333,8555.4,2.040854701,10.43333333,10.28846154,17.76666667,16.15384615,22,25,0.144871795,1.612820513,0.4615384299999974,-2.040854701,0.144871795,1.612820513,0.17837603699999716,False,0.0,Playoff/above-.500 team: score set to 0
2023-24,1610612750,MIN,Minnesota Timberwolves,27,55,0.62962963,0.709090909,17,39,58.145454538,56,-2.1454545380000027,-0.079461279,82,163.4925926,161.9381818,32.69851852,32.38763636,4414.3,8906.6,1.554410774,11.03703704,10.8,16.48148148,16.12727273,23,21,0.237037037,0.354208754,2.1454545380000027,-1.554410774,0.237037037,0.354208754,1.1822895550000028,False,0.0,Playoff/above-.500 team: score set to 0
2023-24,1610612752,NYK,New York Knicks,27,55,0.62962963,0.6,17,33,49.199999999999996,50,0.8000000000000043,0.029629630000000073,82,180.0080247,168.2060606,36.00160494,33.64121212,4860.216667,9251.333333,11.80196409,9.666666667,10.34545455,11.55555556,11.61818182,17,17,-0.678787879,-0.062626263,-0.8000000000000043,-11.80196409,-0.678787879,-0.062626263,-13.343378232000005,False,-0.0,Playoff/above-.500 team: score set to 0
2023-24,1610612762,UTA,Utah Jazz,26,56,0.192307692,0.464285714,5,26,38.071428548,31,-7.071428548,-0.271978022,82,155.6692308,148.70625,31.13384615,29.74125,4047.4,8327.55,6.962980769,10.46153846,11.05357143,12.73076923,12.51785714,17,17,-0.592032967,0.212912088,7.071428548,-6.962980769,-0.592032967,0.212912088,-0.2706730999999995,True,-0.2706730999999995,Included in tanking score
2021-22,1610612753,ORL,Orlando Magic,22,60,0.409090909,0.216666667,9,13,17.766666694,22,4.233333305999999,0.192424242,82,150.5469697,157.1352778,30.10939394,31.42705556,3312.033333,9428.116667,-6.588308081,10.28571429,10.25925926,12.19047619,14.92592593,18,22,0.026455026,-2.735449735,-4.233333305999999,6.588308081,0.026455026,-2.735449735,-0.35401993399999876,True,-0.35401993399999876,Included in tanking score
2022-23,1610612741,CHI,Chicago Bulls,23,59,0.608695652,0.440677966,14,26,36.135593211999996,40,3.8644067880000037,0.168017686,82,162.1007246,166.610452,32.42014493,33.3220904,3728.316667,9830.016667,-4.50972734,10.73913043,10.14285714,13.0,15.08928571,20,25,0.596273292,-2.089285714,-3.8644067880000037,4.50972734,0.596273292,-2.089285714,-0.8476918700000031,True,-0.8476918700000031,Included in tanking score
2020-21,1610612758,SAC,Sacramento Kings,36,36,0.472222222,0.388888889,17,14,28.000000008,31,2.9999999919999993,0.08333333300000001,72,166.2412037,166.8537037,33.24824074,33.37074074,5984.683333,6006.733333,-0.6125,10.25806452,9.958333333,15.03225806,14.125,20,22,0.299731183,0.907258065,-2.9999999919999993,0.6125,0.299731183,0.907258065,-1.1805107439999996,True,-1.1805107439999996,Included in tanking score
2024-25,1610612748,MIA,Miami Heat,29,53,0.413793103,0.471698113,12,25,38.679245265999995,37,-1.6792452659999952,-0.05790500999999998,82,165.6183908,163.4908805,33.12367816,32.6981761,4802.933333,8665.016667,2.127510301,10.0,10.17307692,12.68965517,14.01923077,19,22,-0.173076923,-1.329575597,1.6792452659999952,-2.127510301,-0.173076923,-1.329575597,-1.9509175550000049,True,-1.9509175550000049,Included in tanking score
2022-23,1610612753,ORL,Orlando Magic,23,59,0.434782609,0.406779661,10,24,33.355932202,34,0.6440677980000018,0.028002947999999972,82,155.9282609,155.490113,31.18565217,31.0980226,3586.35,9173.916667,0.438147875,10.45454545,10.28571429,12.5,13.82142857,18,22,0.168831169,-1.321428571,-0.6440677980000018,-0.438147875,0.168831169,-1.321428571,-2.2348130750000017,True,-2.2348130750000017,Included in tanking score
2022-23,1610612765,DET,Detroit Pistons,23,59,0.086956522,0.254237288,2,15,20.847457616,17,-3.847457616,-0.16728076600000003,82,159.4427536,153.5923729,31.88855072,30.71847458,3667.183333,9061.95,5.850380742,9.590909091,10.36842105,14.09090909,13.56140351,18,20,-0.777511962,0.529505582,3.847457616,-5.850380742,-0.777511962,0.529505582,-2.250929506,True,-2.250929506,Included in tanking score
2020-21,1610612745,HOU,Houston Rockets,38,34,0.157894737,0.323529412,6,11,23.294117664,17,-6.294117664000002,-0.165634675,72,165.1807018,158.9779412,33.03614035,31.79558824,6276.866667,5405.25,6.202760578,9.322580645,10.28571429,12.90322581,14.52380952,17,22,-0.963133641,-1.620583717,6.294117664000002,-6.202760578,-0.963133641,-1.620583717,-2.4923602719999987,True,-2.4923602719999987,Included in tanking score
2023-24,1610612751,BKN,Brooklyn Nets,28,54,0.392857143,0.388888889,11,21,31.888888898,32,0.11111110199999885,0.003968254000000004,82,165.2559524,160.6074074,33.05119048,32.12148148,4627.166667,8672.8,4.648544974,10.53571429,10.11111111,17.75,16.25925926,26,27,0.424603175,1.490740741,-0.11111110199999885,-4.648544974,0.424603175,1.490740741,-2.8443121599999994,True,-2.8443121599999994,Included in tanking score
2024-25,1610612761,TOR,Toronto Raptors,27,55,0.481481481,0.309090909,13,17,25.345454538000002,30,4.654545461999998,0.17239057199999996,82,151.5455128,156.0354545,30.30910256,31.20709091,3940.183333,8581.95,-4.489941725,9.703703704,10.90909091,16.25925926,17.81818182,23,25,-1.205387205,-1.558922559,-4.654545461999998,4.489941725,-1.205387205,-1.558922559,-2.9289135009999976,True,-2.9289135009999976,Included in tanking score
2023-24,1610612741,CHI,Chicago Bulls,27,55,0.481481481,0.472727273,13,26,38.763636386,39,0.23636361399999828,0.008754207999999986,82,177.6839506,172.9851515,35.53679012,34.5970303,4797.466667,9514.183333,4.698799102,10.37037037,10.05454545,17.03703704,15.76363636,21,24,0.315824916,1.273400673,-0.23636361399999828,-4.698799102,0.315824916,1.273400673,-3.3459371269999973,True,-3.3459371269999973,Included in tanking score
2021-22,1610612746,LAC,LA Clippers,21,61,0.571428571,0.491803279,12,30,40.327868878,42,1.6721311220000032,0.07962529200000001,82,153.8960317,154.1344262,30.77920635,30.82688525,3231.816667,9402.2,-0.238394483,10.23809524,10.48387097,12.95238095,14.90322581,20,20,-0.24577573,-1.950844854,-1.6721311220000032,0.238394483,-0.24577573,-1.950844854,-3.6303572230000034,True,-3.6303572230000034,Included in tanking score
2022-23,1610612766,CHA,Charlotte Hornets,22,60,0.454545455,0.283333333,10,17,23.233333306000002,27,3.7666666939999978,0.17121212199999997,82,164.219697,164.4483333,32.84393939,32.88966667,3612.833333,9866.9,-0.228636364,9.714285714,10.10714286,13.9047619,13.73214286,18,21,-0.392857143,0.172619048,-3.7666666939999978,0.228636364,-0.392857143,0.172619048,-3.7582684249999976,True,-3.7582684249999976,Included in tanking score
2024-25,1610612757,POR,Portland Trail Blazers,27,55,0.481481481,0.418181818,13,23,34.290909076,36,1.7090909240000016,0.063299663,82,165.5635802,161.7866667,33.11271605,32.35733333,4470.216667,8898.266667,3.77691358,10.51851852,10.83636364,15.66666667,14.25454545,22,20,-0.317845118,1.412121212,-1.7090909240000016,-3.77691358,-0.317845118,1.412121212,-4.3917284100000025,True,-4.3917284100000025,Included in tanking score
2024-25,1610612764,WAS,Washington Wizards,28,54,0.321428571,0.166666667,9,9,13.666666694,18,4.333333306,0.154761904,82,154.1154762,155.8135802,30.82309524,31.16271605,4315.233333,8413.933333,-1.698104056,10.03571429,11.24528302,13.75,14.33962264,20,22,-1.209568733,-0.589622642,-4.333333306,1.698104056,-1.209568733,-0.589622642,-4.4344206250000004,True,-4.4344206250000004,Included in tanking score
2024-25,1610612753,ORL,Orlando Magic,26,56,0.538461538,0.482142857,14,27,39.535714274,41,1.464285726,0.05631868099999998,82,156.4769231,153.741369,31.29538462,30.74827381,4068.4,8609.516667,2.735554029,11.23076923,11.29090909,14.57692308,15.67272727,21,23,-0.06013986,-1.095804196,-1.464285726,-2.735554029,-0.06013986,-1.095804196,-5.355783811,True,-5.355783811,Included in tanking score
2023-24,1610612745,HOU,Houston Rockets,28,54,0.607142857,0.444444444,17,24,36.444444408,41,4.5555555919999975,0.16269841300000004,82,166.102381,163.5796296,33.22047619,32.71592593,4650.866667,8833.3,2.522751323,10.85714286,10.72222222,16.75,15.42592593,21,26,0.134920635,1.324074074,-4.5555555919999975,-2.522751323,0.134920635,1.324074074,-5.6193122059999965,True,-5.6193122059999965,Included in tanking score
2021-22,1610612758,SAC,Sacramento Kings,22,60,0.363636364,0.366666667,8,22,30.066666694,30,-0.06666669399999847,-0.003030303000000012,82,165.9962121,160.8013889,33.19924242,32.16027778,3651.916667,9648.083333,5.194823232,9.818181818,9.923076923,13.59090909,14.19230769,18,23,-0.104895105,-0.601398601,0.06666669399999847,-5.194823232,-0.104895105,-0.601398601,-5.834450244000001,True,-5.834450244000001,Included in tanking score
2022-23,1610612747,LAL,Los Angeles Lakers,23,59,0.695652174,0.457627119,16,27,37.525423758,43,5.474576241999998,0.23802505499999999,82,159.5007246,160.1850282,31.90014493,32.03700565,3668.516667,9450.916667,-0.684303611,10.30434783,10.55172414,16.2173913,17.03448276,20,27,-0.247376312,-0.817091454,-5.474576241999998,0.684303611,-0.247376312,-0.817091454,-5.854740396999998,True,-5.854740396999998,Included in tanking score
2022-23,1610612759,SAS,San Antonio Spurs,23,59,0.347826087,0.237288136,8,14,19.457627152,22,2.5423728479999994,0.110537951,82,148.4623188,148.0426554,29.69246377,29.60853107,3414.633333,8734.516667,0.419663473,10.30434783,11.13207547,18.04347826,20.16981132,24,30,-0.827727646,-2.12633306,-2.5423728479999994,-0.419663473,-0.827727646,-2.12633306,-5.916097026999999,True,-5.916097026999999,Included in tanking score
2023-24,1610612766,CHA,Charlotte Hornets,28,54,0.285714286,0.240740741,8,13,19.740740762,21,1.2592592379999985,0.044973544999999976,82,166.3077381,163.5632716,33.26154762,32.71265432,4656.616667,8832.416667,2.74446649,9.857142857,10.38888889,11.89285714,14.11111111,15,20,-0.531746032,-2.218253968,-1.2592592379999985,-2.74446649,-0.531746032,-2.218253968,-6.753725727999999,True,-6.753725727999999,Included in tanking score
2023-24,1610612763,MEM,Memphis Grizzlies,26,56,0.269230769,0.357142857,7,20,29.285714274,27,-2.285714274,-0.087912088,82,161.9660256,156.6175595,32.39320513,31.3235119,4211.116667,8770.583333,5.348466117,9.076923077,10.375,13.76923077,16.26785714,20,21,-1.298076923,-2.498626374,2.285714274,-5.348466117,-1.298076923,-2.498626374,-6.85945514,True,-6.85945514,Included in tanking score
2023-24,1610612765,DET,Detroit Pistons,28,54,0.214285714,0.148148148,6,8,12.148148136000001,14,1.8518518639999986,0.06613756599999998,82,158.5678571,156.3027778,31.71357143,31.26055556,4439.9,8440.35,2.265079365,10.25,10.7037037,14.35714286,16.92592593,20,24,-0.453703704,-2.568783069,-1.8518518639999986,-2.265079365,-0.453703704,-2.568783069,-7.139418001999998,True,-7.139418001999998,Included in tanking score
2021-22,1610612737,ATL,Atlanta Hawks,24,58,0.625,0.482758621,15,28,39.586206922,43,3.4137930779999976,0.142241379,82,161.6027778,158.016092,32.32055556,31.60321839,3878.466667,9164.933333,3.586685824,10.2173913,10.86206897,12.34782609,12.4137931,16,20,-0.644677661,-0.065967016,-3.4137930779999976,-3.586685824,-0.644677661,-0.065967016,-7.711123578999998,True,-7.711123578999998,Included in tanking score
2020-21,1610612737,ATL,Atlanta Hawks,36,36,0.694444444,0.444444444,25,16,31.999999968,41,9.000000031999999,0.25000000000000006,72,157.8828704,161.9597222,31.57657407,32.39194444,5683.783333,5830.55,-4.076851852,10.7,10.6,13.66666667,16.8,19,22,0.1,-3.133333333,-9.000000031999999,4.076851852,0.1,-3.133333333,-7.956481513,True,-7.956481513,Included in tanking score
2020-21,1610612764,WAS,Washington Wizards,38,34,0.526315789,0.411764706,20,14,29.647058832,34,4.352941168000001,0.114551083,72,158.7085586,153.7397059,31.74171171,30.74794118,5872.216667,5227.15,4.968852676,11.25806452,11.24,17.87096774,17.16,25,23,0.018064516,0.710967742,-4.352941168000001,-4.968852676,0.018064516,0.710967742,-8.592761586000002,True,-8.592761586000002,Included in tanking score
2021-22,1610612759,SAS,San Antonio Spurs,23,59,0.47826087,0.389830508,11,23,31.966101656000003,34,2.033898343999997,0.08843036199999998,82,158.8318841,152.6974576,31.76637681,30.53949153,3653.133333,9009.15,6.134426431,10.5,11.34782609,18.63636364,18.34782609,24,25,-0.847826087,0.288537549,-2.033898343999997,-6.134426431,-0.847826087,0.288537549,-8.727613312999996,True,-8.727613312999996,Included in tanking score
2021-22,1610612745,HOU,Houston Rockets,24,58,0.208333333,0.25862069,5,15,21.20689658,20,-1.2068965799999987,-0.05028735699999998,82,156.6895833,151.6224138,31.33791667,30.32448276,3760.55,8794.1,5.06716954,10.04347826,11.23076923,11.47826087,15.34615385,18,21,-1.18729097,-3.867892977,1.2068965799999987,-5.06716954,-1.18729097,-3.867892977,-8.915456907000001,True,-8.915456907000001,Included in tanking score
2023-24,1610612757,POR,Portland Trail Blazers,28,54,0.214285714,0.277777778,6,15,22.777777796,21,-1.7777777959999987,-0.06349206399999999,82,171.339881,162.1623457,34.26797619,32.43246914,4797.516667,8756.766667,9.177535273,9.571428571,10.5,12.96428571,13.88888889,19,22,-0.928571429,-0.924603175,1.7777777959999987,-9.177535273,-0.928571429,-0.924603175,-9.252932081,True,-9.252932081,Included in tanking score
2021-22,1610612752,NYK,New York Knicks,23,59,0.52173913,0.423728814,12,25,34.745762748000004,37,2.254237251999996,0.09801031600000004,82,167.7862319,160.2610169,33.55724638,32.05220339,3859.083333,9455.4,7.525214935,9.714285714,10.61904762,13.47619048,12.57142857,18,17,-0.904761905,0.904761905,-2.254237251999996,-7.525214935,-0.904761905,0.904761905,-9.779452186999997,True,-9.779452186999997,Included in tanking score
2022-23,1610612760,OKC,Oklahoma City Thunder,25,57,0.48,0.49122807,12,28,40.28070174,40,-0.2807017399999978,-0.011228070000000034,82,161.8046667,153.1640351,32.36093333,30.63280702,4045.116667,8730.35,8.640631579,10.68,11.11111111,17.8,18.87037037,26,27,-0.431111111,-1.07037037,0.2807017399999978,-8.640631579,-0.431111111,-1.07037037,-9.861411320000002,True,-9.861411320000002,Included in tanking score
2021-22,1610612765,DET,Detroit Pistons,24,58,0.416666667,0.224137931,10,13,18.379310342,23,4.620689658,0.19252873599999998,82,159.7402778,154.3520115,31.94805556,30.8704023,3833.766667,8952.416667,5.388266284,9.909090909,10.73076923,13.40909091,14.19230769,20,19,-0.821678322,-0.783216783,-4.620689658,-5.388266284,-0.821678322,-0.783216783,-11.613851047,True,-11.613851047,Included in tanking score
2024-25,1610612741,CHI,Chicago Bulls,27,55,0.62962963,0.4,17,22,32.800000000000004,39,6.199999999999996,0.22962963000000003,82,160.4833333,156.3460606,32.09666667,31.26921212,4333.05,8599.033333,4.137272727,10.74074074,11.43636364,16.88888889,17.87272727,24,24,-0.695622896,-0.983838384,-6.199999999999996,-4.137272727,-0.695622896,-0.983838384,-12.016734006999995,True,-12.016734006999995,Included in tanking score
2023-24,1610612764,WAS,Washington Wizards,28,54,0.214285714,0.166666667,6,9,13.666666694,15,1.333333306,0.047619047,82,164.9333333,150.7472222,32.98666667,30.14944444,4618.133333,8140.35,14.18611111,10.5,11.61111111,14.89285714,13.75925926,20,18,-1.111111111,1.133597884,-1.333333306,-14.18611111,-1.111111111,1.133597884,-15.496957643000002,True,-15.496957643000002,Included in tanking score
2022-23,1610612745,HOU,Houston Rockets,24,58,0.375,0.224137931,9,13,18.379310342,22,3.620689658,0.150862069,82,167.0013889,156.6902299,33.40027778,31.33804598,4008.033333,9088.033333,10.311159,10.0,11.10526316,13.5,15.42105263,19,24,-1.105263158,-1.921052632,-3.620689658,-10.311159,-1.105263158,-1.921052632,-16.958164447999998,True,-16.958164447999998,Included in tanking score
2020-21,1610612750,MIN,Minnesota Timberwolves,36,36,0.444444444,0.194444444,16,7,13.999999968,23,9.000000032,0.25,72,156.025,148.3175926,31.205,29.66351852,5616.9,5339.433333,7.707407407,10.67741935,10.95652174,15.03225806,15.86956522,19,21,-0.279102384,-0.837307153,-9.000000032,-7.707407407,-0.279102384,-0.837307153,-17.823816976000003,True,-17.823816976000003,Included in tanking score
2021-22,1610612760,OKC,Oklahoma City Thunder,24,58,0.25,0.310344828,6,18,25.448275896000002,24,-1.448275896000002,-0.06034482800000002,82,169.3798611,153.4244253,33.87597222,30.68488506,4065.116667,8898.616667,15.95543582,8.782608696,11.5,13.60869565,18.13636364,21,25,-2.717391304,-4.527667984,1.448275896000002,-15.95543582,-2.717391304,-4.527667984,-21.752219212,True,-21.752219212,Included in tanking score
2023-24,1610612759,SAS,San Antonio Spurs,27,55,0.407407407,0.2,11,11,16.400000000000002,22,5.599999999999998,0.207407407,82,161.391358,149.3442424,32.2782716,29.86884848,4357.566667,8213.933333,12.0471156,10.33333333,11.32727273,15.25925926,18.47272727,22,27,-0.993939394,-3.213468013,-5.599999999999998,-12.0471156,-0.993939394,-3.213468013,-21.854523007,True,-21.854523007,Included in tanking score
